image,prompt,condition,psnr_immunized,ssim_immunized,ssim_clean_edit,ssim_imm_edit,disrupted
image_1.png,A person in a weekend market,no_overlap,34.62,0.9867,0.2116,0.2235,0
image_1.png,A person in a police evidence room,no_overlap,34.62,0.9867,0.2369,0.2106,0
image_1.png,A person in a weekend market,25pct_overlap,29.274,0.9721,0.2116,0.1986,0
image_1.png,A person in a police evidence room,25pct_overlap,29.274,0.9721,0.2369,0.1791,1
image_1.png,A person in a weekend market,50pct_overlap,27.944,0.9567,0.2116,0.1908,0
image_1.png,A person in a police evidence room,50pct_overlap,27.944,0.9567,0.2369,0.2036,0
image_1.png,A person in a weekend market,baseline_512,38.154,0.9931,0.2116,0.2075,0
image_1.png,A person in a police evidence room,baseline_512,38.154,0.9931,0.2369,0.2498,0
image_3.png,A person in a weekend market,no_overlap,27.417,0.9128,0.1947,0.1636,0
image_3.png,A person in a TV newsroom,no_overlap,27.417,0.9128,0.1945,0.1592,0
image_3.png,A person in a weekend market,25pct_overlap,28.515,0.9233,0.1947,0.1498,0
image_3.png,A person in a TV newsroom,25pct_overlap,28.515,0.9233,0.1945,0.1598,0
image_3.png,A person in a weekend market,50pct_overlap,28.338,0.914,0.1947,0.1811,0
image_3.png,A person in a TV newsroom,50pct_overlap,28.338,0.914,0.1945,0.1441,1
image_3.png,A person in a weekend market,baseline_512,35.213,0.9769,0.1947,0.1698,0
image_3.png,A person in a TV newsroom,baseline_512,35.213,0.9769,0.1945,0.2038,0
image_5.png,A person in a church sanctuary,no_overlap,33.297,0.9681,0.1705,0.1287,0
image_5.png,A person in a charity art auction,no_overlap,33.297,0.9681,0.151,0.2007,0
image_5.png,A person in a church sanctuary,25pct_overlap,30.342,0.9427,0.1705,0.1829,0
image_5.png,A person in a charity art auction,25pct_overlap,30.342,0.9427,0.151,0.2139,0
image_5.png,A person in a church sanctuary,50pct_overlap,30.235,0.9425,0.1705,0.1676,0
image_5.png,A person in a charity art auction,50pct_overlap,30.235,0.9425,0.151,0.1655,0
image_5.png,A person in a church sanctuary,baseline_512,36.225,0.9826,0.1705,0.1817,0
image_5.png,A person in a charity art auction,baseline_512,36.225,0.9826,0.151,0.15,0
image_9.png,A person in a sports field,no_overlap,33.395,0.9713,0.1327,0.1203,0
image_9.png,A person in a waterside cafe,no_overlap,33.395,0.9713,0.1819,0.1039,1
image_9.png,A person in a sports field,25pct_overlap,34.038,0.9752,0.1327,0.1283,0
image_9.png,A person in a waterside cafe,25pct_overlap,34.038,0.9752,0.1819,0.1321,0
image_9.png,A person in a sports field,50pct_overlap,33.66,0.9702,0.1327,0.1791,0
image_9.png,A person in a waterside cafe,50pct_overlap,33.66,0.9702,0.1819,0.1356,0
image_9.png,A person in a sports field,baseline_512,31.713,0.9657,0.1327,0.183,0
image_9.png,A person in a waterside cafe,baseline_512,31.713,0.9657,0.1819,0.1711,0
image_13.png,A person in a drive-in theater,no_overlap,30.631,0.9666,0.1426,0.1789,0
image_13.png,A person in a shelter,no_overlap,30.631,0.9666,0.1604,0.1392,0
image_13.png,A person in a drive-in theater,25pct_overlap,28.627,0.9539,0.1426,0.1572,0
image_13.png,A person in a shelter,25pct_overlap,28.627,0.9539,0.1604,0.1709,0
image_13.png,A person in a drive-in theater,50pct_overlap,28.371,0.9492,0.1426,0.0617,1
image_13.png,A person in a shelter,50pct_overlap,28.371,0.9492,0.1604,0.1045,1
image_13.png,A person in a drive-in theater,baseline_512,38.915,0.9933,0.1426,0.1684,0
image_13.png,A person in a shelter,baseline_512,38.915,0.9933,0.1604,0.1,1
image_18.png,A person in a food truck park,no_overlap,29.135,0.9695,0.2443,0.2888,0
image_18.png,A person in a ice cream parlor,no_overlap,29.135,0.9695,0.2896,0.2706,0
image_18.png,A person in a food truck park,25pct_overlap,29.625,0.9765,0.2443,0.2393,0
image_18.png,A person in a ice cream parlor,25pct_overlap,29.625,0.9765,0.2896,0.2568,0
image_18.png,A person in a food truck park,50pct_overlap,30.209,0.9786,0.2443,0.2272,0
image_18.png,A person in a ice cream parlor,50pct_overlap,30.209,0.9786,0.2896,0.2472,0
image_18.png,A person in a food truck park,baseline_512,27.448,0.9596,0.2443,0.278,0
image_18.png,A person in a ice cream parlor,baseline_512,27.448,0.9596,0.2896,0.1961,1
image_22.png,A person in a betting shop,no_overlap,27.853,0.9278,0.2029,0.087,1
image_22.png,A person in a charity art auction,no_overlap,27.853,0.9278,0.1433,0.1162,0
image_22.png,A person in a betting shop,25pct_overlap,28.007,0.9254,0.2029,0.1393,1
image_22.png,A person in a charity art auction,25pct_overlap,28.007,0.9254,0.1433,0.0938,0
image_22.png,A person in a betting shop,50pct_overlap,28.247,0.9251,0.2029,0.093,1
image_22.png,A person in a charity art auction,50pct_overlap,28.247,0.9251,0.1433,0.0912,1
image_22.png,A person in a betting shop,baseline_512,28.007,0.9262,0.2029,0.0943,1
image_22.png,A person in a charity art auction,baseline_512,28.007,0.9262,0.1433,0.1283,0
image_23.png,A person in a shelter,no_overlap,31.205,0.9661,0.2352,0.2315,0
image_23.png,A person in a local art market,no_overlap,31.205,0.9661,0.2402,0.1908,0
image_23.png,A person in a shelter,25pct_overlap,28.787,0.9516,0.2352,0.1716,1
image_23.png,A person in a local art market,25pct_overlap,28.787,0.9516,0.2402,0.1791,1
image_23.png,A person in a shelter,50pct_overlap,28.165,0.9441,0.2352,0.2232,0
image_23.png,A person in a local art market,50pct_overlap,28.165,0.9441,0.2402,0.1929,0
image_23.png,A person in a shelter,baseline_512,33.033,0.9764,0.2352,0.2268,0
image_23.png,A person in a local art market,baseline_512,33.033,0.9764,0.2402,0.1997,0
image_29.png,A person in a historic landmark event,no_overlap,29.957,0.9749,0.2529,0.2024,1
image_29.png,A person in a gymnasium,no_overlap,29.957,0.9749,0.3274,0.2176,1
image_29.png,A person in a historic landmark event,25pct_overlap,27.133,0.9557,0.2529,0.2405,0
image_29.png,A person in a gymnasium,25pct_overlap,27.133,0.9557,0.3274,0.2793,0
image_29.png,A person in a historic landmark event,50pct_overlap,27.251,0.9541,0.2529,0.1688,1
image_29.png,A person in a gymnasium,50pct_overlap,27.251,0.9541,0.3274,0.3081,0
image_29.png,A person in a historic landmark event,baseline_512,35.663,0.9885,0.2529,0.3432,0
image_29.png,A person in a gymnasium,baseline_512,35.663,0.9885,0.3274,0.2306,1
image_32.png,A person in a local art market,no_overlap,28.414,0.9418,0.193,0.1624,0
image_32.png,A person in a pet festival,no_overlap,28.414,0.9418,0.1816,0.1511,0
image_32.png,A person in a local art market,25pct_overlap,29.248,0.9468,0.193,0.1451,0
image_32.png,A person in a pet festival,25pct_overlap,29.248,0.9468,0.1816,0.1702,0
image_32.png,A person in a local art market,50pct_overlap,29.091,0.9451,0.193,0.1403,1
image_32.png,A person in a pet festival,50pct_overlap,29.091,0.9451,0.1816,0.1582,0
image_32.png,A person in a local art market,baseline_512,31.702,0.9643,0.193,0.1554,0
image_32.png,A person in a pet festival,baseline_512,31.702,0.9643,0.1816,0.1615,0
image_33.png,A person in a basement,no_overlap,30.628,0.9565,0.2188,0.1862,0
image_33.png,A person in a movie set,no_overlap,30.628,0.9565,0.255,0.1888,1
image_33.png,A person in a basement,25pct_overlap,30.589,0.9501,0.2188,0.1765,0
image_33.png,A person in a movie set,25pct_overlap,30.589,0.9501,0.255,0.1827,1
image_33.png,A person in a basement,50pct_overlap,29.555,0.9415,0.2188,0.2486,0
image_33.png,A person in a movie set,50pct_overlap,29.555,0.9415,0.255,0.143,1
image_33.png,A person in a basement,baseline_512,33.229,0.9729,0.2188,0.1815,0
image_33.png,A person in a movie set,baseline_512,33.229,0.9729,0.255,0.3563,0
image_37.png,A person in a garage,no_overlap,30.041,0.961,0.2076,0.2222,0
image_37.png,A person in a tech startup launch,no_overlap,30.041,0.961,0.2425,0.2281,0
image_37.png,A person in a garage,25pct_overlap,29.532,0.9516,0.2076,0.2181,0
image_37.png,A person in a tech startup launch,25pct_overlap,29.532,0.9516,0.2425,0.1846,1
image_37.png,A person in a garage,50pct_overlap,29.62,0.9541,0.2076,0.2128,0
image_37.png,A person in a tech startup launch,50pct_overlap,29.62,0.9541,0.2425,0.2453,0
image_37.png,A person in a garage,baseline_512,29.556,0.9706,0.2076,0.2121,0
image_37.png,A person in a tech startup launch,baseline_512,29.556,0.9706,0.2425,0.2226,0
image_47.png,A person in a hot dog stand,no_overlap,31.22,0.9613,0.1721,0.1294,0
image_47.png,A person in a creative writing event,no_overlap,31.22,0.9613,0.172,0.159,0
image_47.png,A person in a hot dog stand,25pct_overlap,30.269,0.9577,0.1721,0.0991,1
image_47.png,A person in a creative writing event,25pct_overlap,30.269,0.9577,0.172,0.1252,0
image_47.png,A person in a hot dog stand,50pct_overlap,29.054,0.9499,0.1721,0.1835,0
image_47.png,A person in a creative writing event,50pct_overlap,29.054,0.9499,0.172,0.1688,0
image_47.png,A person in a hot dog stand,baseline_512,34.299,0.9772,0.1721,0.1937,0
image_47.png,A person in a creative writing event,baseline_512,34.299,0.9772,0.172,0.1443,0
image_49.png,A person in a music and arts festival,no_overlap,25.508,0.8786,0.2575,0.1391,1
image_49.png,A person in a bus stop shelter,no_overlap,25.508,0.8786,0.2685,0.1472,1
image_49.png,A person in a music and arts festival,25pct_overlap,25.513,0.8714,0.2575,0.1353,1
image_49.png,A person in a bus stop shelter,25pct_overlap,25.513,0.8714,0.2685,0.1797,1
image_49.png,A person in a music and arts festival,50pct_overlap,26.023,0.8693,0.2575,0.1463,1
image_49.png,A person in a bus stop shelter,50pct_overlap,26.023,0.8693,0.2685,0.1109,1
image_49.png,A person in a music and arts festival,baseline_512,25.175,0.8678,0.2575,0.1421,1
image_49.png,A person in a bus stop shelter,baseline_512,25.175,0.8678,0.2685,0.1864,1
image_53.png,A person in a parking structure,no_overlap,31.496,0.9551,0.198,0.1792,0
image_53.png,A person in a science museum exhibit,no_overlap,31.496,0.9551,0.1719,0.1418,0
image_53.png,A person in a parking structure,25pct_overlap,30.305,0.9426,0.198,0.1534,0
image_53.png,A person in a science museum exhibit,25pct_overlap,30.305,0.9426,0.1719,0.1436,0
image_53.png,A person in a parking structure,50pct_overlap,28.944,0.9276,0.198,0.1215,1
image_53.png,A person in a science museum exhibit,50pct_overlap,28.944,0.9276,0.1719,0.1423,0
image_53.png,A person in a parking structure,baseline_512,27.057,0.9041,0.198,0.0762,1
image_53.png,A person in a science museum exhibit,baseline_512,27.057,0.9041,0.1719,0.1383,0
image_57.png,A person in a gym sauna,no_overlap,28.154,0.9255,0.2111,0.1321,1
image_57.png,A person in a community theater production,no_overlap,28.154,0.9255,0.1966,0.1315,1
image_57.png,A person in a gym sauna,25pct_overlap,28.739,0.9281,0.2111,0.114,1
image_57.png,A person in a community theater production,25pct_overlap,28.739,0.9281,0.1966,0.1501,0
image_57.png,A person in a gym sauna,50pct_overlap,27.214,0.9015,0.2111,0.1456,1
image_57.png,A person in a community theater production,50pct_overlap,27.214,0.9015,0.1966,0.0924,1
image_57.png,A person in a gym sauna,baseline_512,27.042,0.9291,0.2111,0.1389,1
image_57.png,A person in a community theater production,baseline_512,27.042,0.9291,0.1966,0.1419,1
image_58.png,A person in a costume shop,no_overlap,28.047,0.9391,0.2665,0.2098,1
image_58.png,A person in a candle shop,no_overlap,28.047,0.9391,0.2369,0.207,0
image_58.png,A person in a costume shop,25pct_overlap,27.518,0.9371,0.2665,0.2585,0
image_58.png,A person in a candle shop,25pct_overlap,27.518,0.9371,0.2369,0.1989,0
image_58.png,A person in a costume shop,50pct_overlap,27.823,0.9405,0.2665,0.2201,0
image_58.png,A person in a candle shop,50pct_overlap,27.823,0.9405,0.2369,0.2022,0
image_58.png,A person in a costume shop,baseline_512,29.321,0.9552,0.2665,0.1984,1
image_58.png,A person in a candle shop,baseline_512,29.321,0.9552,0.2369,0.1714,1
image_66.png,A person in a gym sauna,no_overlap,27.843,0.9582,0.2452,0.1855,1
image_66.png,A person in a technology fair,no_overlap,27.843,0.9582,0.2635,0.222,0
image_66.png,A person in a gym sauna,25pct_overlap,28.768,0.9663,0.2452,0.2032,0
image_66.png,A person in a technology fair,25pct_overlap,28.768,0.9663,0.2635,0.249,0
image_66.png,A person in a gym sauna,50pct_overlap,28.167,0.9572,0.2452,0.177,1
image_66.png,A person in a technology fair,50pct_overlap,28.167,0.9572,0.2635,0.3243,0
image_66.png,A person in a gym sauna,baseline_512,33.417,0.9772,0.2452,0.2511,0
image_66.png,A person in a technology fair,baseline_512,33.417,0.9772,0.2635,0.2545,0
image_67.png,A person in a butcher’s shop,no_overlap,28.604,0.9441,0.2338,0.163,1
image_67.png,A person in a pet festival,no_overlap,28.604,0.9441,0.1692,0.1885,0
image_67.png,A person in a butcher’s shop,25pct_overlap,27.567,0.9317,0.2338,0.1807,1
image_67.png,A person in a pet festival,25pct_overlap,27.567,0.9317,0.1692,0.1807,0
image_67.png,A person in a butcher’s shop,50pct_overlap,27.543,0.9463,0.2338,0.1696,1
image_67.png,A person in a pet festival,50pct_overlap,27.543,0.9463,0.1692,0.1649,0
image_67.png,A person in a butcher’s shop,baseline_512,26.972,0.9255,0.2338,0.1888,0
image_67.png,A person in a pet festival,baseline_512,26.972,0.9255,0.1692,0.1735,0
image_73.png,A person in a locker room,no_overlap,28.908,0.9611,0.2498,0.1627,1
image_73.png,A person in a street market,no_overlap,28.908,0.9611,0.2327,0.2027,0
image_73.png,A person in a locker room,25pct_overlap,27.633,0.9493,0.2498,0.1728,1
image_73.png,A person in a street market,25pct_overlap,27.633,0.9493,0.2327,0.182,1
image_73.png,A person in a locker room,50pct_overlap,27.272,0.9527,0.2498,0.1976,1
image_73.png,A person in a street market,50pct_overlap,27.272,0.9527,0.2327,0.1658,1
image_73.png,A person in a locker room,baseline_512,29.305,0.9699,0.2498,0.225,0
image_73.png,A person in a street market,baseline_512,29.305,0.9699,0.2327,0.1904,0
image_80.png,A person in a hot dog stand,no_overlap,28.686,0.9413,0.2694,0.1757,1
image_80.png,A person in a bridal fitting room,no_overlap,28.686,0.9413,0.1095,0.159,0
image_80.png,A person in a hot dog stand,25pct_overlap,27.841,0.9272,0.2694,0.2085,1
image_80.png,A person in a bridal fitting room,25pct_overlap,27.841,0.9272,0.1095,0.1237,0
image_80.png,A person in a hot dog stand,50pct_overlap,28.026,0.9269,0.2694,0.1831,1
image_80.png,A person in a bridal fitting room,50pct_overlap,28.026,0.9269,0.1095,0.1451,0
image_80.png,A person in a hot dog stand,baseline_512,27.964,0.9332,0.2694,0.2333,0
image_80.png,A person in a bridal fitting room,baseline_512,27.964,0.9332,0.1095,0.1625,0
image_82.png,A person in a beach resort,no_overlap,32.683,0.9776,0.0749,0.181,0
image_82.png,A person in a transit station,no_overlap,32.683,0.9776,0.2597,0.0727,1
image_82.png,A person in a beach resort,25pct_overlap,27.887,0.9529,0.0749,0.0733,0
image_82.png,A person in a transit station,25pct_overlap,27.887,0.9529,0.2597,0.1424,1
image_82.png,A person in a beach resort,50pct_overlap,28.84,0.959,0.0749,0.173,0
image_82.png,A person in a transit station,50pct_overlap,28.84,0.959,0.2597,0.0764,1
image_82.png,A person in a beach resort,baseline_512,36.735,0.9886,0.0749,0.1606,0
image_82.png,A person in a transit station,baseline_512,36.735,0.9886,0.2597,0.1567,1
image_93.png,A person in a motel room,no_overlap,27.926,0.9462,0.1844,0.2495,0
image_93.png,A person in a tech launch event,no_overlap,27.926,0.9462,0.2383,0.268,0
image_93.png,A person in a motel room,25pct_overlap,27.897,0.9378,0.1844,0.2442,0
image_93.png,A person in a tech launch event,25pct_overlap,27.897,0.9378,0.2383,0.1945,0
image_93.png,A person in a motel room,50pct_overlap,27.247,0.9261,0.1844,0.1758,0
image_93.png,A person in a tech launch event,50pct_overlap,27.247,0.9261,0.2383,0.1835,1
image_93.png,A person in a motel room,baseline_512,32.244,0.9682,0.1844,0.2041,0
image_93.png,A person in a tech launch event,baseline_512,32.244,0.9682,0.2383,0.1997,0
image_94.png,A person in a computer lab,no_overlap,32.994,0.9738,0.3458,0.3262,0
image_94.png,A person in a lobby,no_overlap,32.994,0.9738,0.2898,0.216,1
image_94.png,A person in a computer lab,25pct_overlap,28.781,0.9482,0.3458,0.1954,1
image_94.png,A person in a lobby,25pct_overlap,28.781,0.9482,0.2898,0.1464,1
image_94.png,A person in a computer lab,50pct_overlap,28.846,0.9419,0.3458,0.2393,1
image_94.png,A person in a lobby,50pct_overlap,28.846,0.9419,0.2898,0.2851,0
image_94.png,A person in a computer lab,baseline_512,36.83,0.9885,0.3458,0.221,1
image_94.png,A person in a lobby,baseline_512,36.83,0.9885,0.2898,0.1452,1
image_104.png,A person in a pet festival,no_overlap,35.786,0.9868,0.1397,0.1622,0
image_104.png,A person in a slum,no_overlap,35.786,0.9868,0.1697,0.1621,0
image_104.png,A person in a pet festival,25pct_overlap,29.178,0.97,0.1397,0.1253,0
image_104.png,A person in a slum,25pct_overlap,29.178,0.97,0.1697,0.169,0
image_104.png,A person in a pet festival,50pct_overlap,30.338,0.9724,0.1397,0.1074,0
image_104.png,A person in a slum,50pct_overlap,30.338,0.9724,0.1697,0.1508,0
image_104.png,A person in a pet festival,baseline_512,38.031,0.993,0.1397,0.1415,0
image_104.png,A person in a slum,baseline_512,38.031,0.993,0.1697,0.1786,0
image_110.png,A person in a gym sauna,no_overlap,29.804,0.9762,0.1778,0.2072,0
image_110.png,A person in a glass factory,no_overlap,29.804,0.9762,0.2832,0.2053,1
image_110.png,A person in a gym sauna,25pct_overlap,27.451,0.9524,0.1778,0.1975,0
image_110.png,A person in a glass factory,25pct_overlap,27.451,0.9524,0.2832,0.1744,1
image_110.png,A person in a gym sauna,50pct_overlap,27.146,0.9456,0.1778,0.15,0
image_110.png,A person in a glass factory,50pct_overlap,27.146,0.9456,0.2832,0.1801,1
image_110.png,A person in a gym sauna,baseline_512,37.51,0.9913,0.1778,0.239,0
image_110.png,A person in a glass factory,baseline_512,37.51,0.9913,0.2832,0.1919,1
image_115.png,A person in a tram stop,no_overlap,26.044,0.9323,0.2084,0.1775,0
image_115.png,A person in a fish market,no_overlap,26.044,0.9323,0.2066,0.1954,0
image_115.png,A person in a tram stop,25pct_overlap,26.428,0.9313,0.2084,0.1883,0
image_115.png,A person in a fish market,25pct_overlap,26.428,0.9313,0.2066,0.1685,0
image_115.png,A person in a tram stop,50pct_overlap,26.306,0.9234,0.2084,0.1958,0
image_115.png,A person in a fish market,50pct_overlap,26.306,0.9234,0.2066,0.1734,0
image_115.png,A person in a tram stop,baseline_512,30.55,0.9681,0.2084,0.2057,0
image_115.png,A person in a fish market,baseline_512,30.55,0.9681,0.2066,0.2515,0
image_121.png,A person in a basement,no_overlap,27.959,0.9367,0.2276,0.171,1
image_121.png,A person in a dormitory,no_overlap,27.959,0.9367,0.1914,0.1662,0
image_121.png,A person in a basement,25pct_overlap,26.283,0.9177,0.2276,0.1806,0
image_121.png,A person in a dormitory,25pct_overlap,26.283,0.9177,0.1914,0.0365,1
image_121.png,A person in a basement,50pct_overlap,27.205,0.9152,0.2276,0.1931,0
image_121.png,A person in a dormitory,50pct_overlap,27.205,0.9152,0.1914,0.1683,0
image_121.png,A person in a basement,baseline_512,28.631,0.9388,0.2276,0.2013,0
image_121.png,A person in a dormitory,baseline_512,28.631,0.9388,0.1914,0.1646,0
image_129.png,A person in a tech startup,no_overlap,29.655,0.9781,0.2824,0.2642,0
image_129.png,A person in a brewery tour,no_overlap,29.655,0.9781,0.2541,0.2332,0
image_129.png,A person in a tech startup,25pct_overlap,28.026,0.9741,0.2824,0.2046,1
image_129.png,A person in a brewery tour,25pct_overlap,28.026,0.9741,0.2541,0.2222,0
image_129.png,A person in a tech startup,50pct_overlap,28.15,0.9744,0.2824,0.2387,0
image_129.png,A person in a brewery tour,50pct_overlap,28.15,0.9744,0.2541,0.2271,0
image_129.png,A person in a tech startup,baseline_512,38.104,0.9934,0.2824,0.2448,0
image_129.png,A person in a brewery tour,baseline_512,38.104,0.9934,0.2541,0.2571,0
image_133.png,A person in a laundry room,no_overlap,37.572,0.9857,0.1174,0.1048,0
image_133.png,A person in a tech startup,no_overlap,37.572,0.9857,0.1869,0.1245,1
image_133.png,A person in a laundry room,25pct_overlap,33.676,0.973,0.1174,0.1338,0
image_133.png,A person in a tech startup,25pct_overlap,33.676,0.973,0.1869,0.1016,1
image_133.png,A person in a laundry room,50pct_overlap,33.299,0.9661,0.1174,0.1808,0
image_133.png,A person in a tech startup,50pct_overlap,33.299,0.9661,0.1869,0.1244,1
image_133.png,A person in a laundry room,baseline_512,38.171,0.9911,0.1174,0.1359,0
image_133.png,A person in a tech startup,baseline_512,38.171,0.9911,0.1869,0.1741,0
image_135.png,A person in a music studio,no_overlap,32.145,0.9593,0.1502,0.1543,0
image_135.png,A person in a local crafts market,no_overlap,32.145,0.9593,0.183,0.1754,0
image_135.png,A person in a music studio,25pct_overlap,29.51,0.9372,0.1502,0.1644,0
image_135.png,A person in a local crafts market,25pct_overlap,29.51,0.9372,0.183,0.1213,1
image_135.png,A person in a music studio,50pct_overlap,29.35,0.9357,0.1502,0.1544,0
image_135.png,A person in a local crafts market,50pct_overlap,29.35,0.9357,0.183,0.1719,0
image_135.png,A person in a music studio,baseline_512,31.583,0.938,0.1502,0.1702,0
image_135.png,A person in a local crafts market,baseline_512,31.583,0.938,0.183,0.1625,0
image_142.png,A person in a bowling alley,no_overlap,29.327,0.9707,0.2223,0.2172,0
image_142.png,A person in a climbing wall,no_overlap,29.327,0.9707,0.2268,0.2172,0
image_142.png,A person in a bowling alley,25pct_overlap,28.605,0.9674,0.2223,0.204,0
image_142.png,A person in a climbing wall,25pct_overlap,28.605,0.9674,0.2268,0.1949,0
image_142.png,A person in a bowling alley,50pct_overlap,27.431,0.9595,0.2223,0.1948,0
image_142.png,A person in a climbing wall,50pct_overlap,27.431,0.9595,0.2268,0.1918,0
image_142.png,A person in a bowling alley,baseline_512,33.192,0.9812,0.2223,0.2211,0
image_142.png,A person in a climbing wall,baseline_512,33.192,0.9812,0.2268,0.2306,0
image_149.png,A person in a music and arts festival,no_overlap,30.023,0.9527,0.1936,0.2035,0
image_149.png,A person in a costume party,no_overlap,30.023,0.9527,0.2663,0.209,1
image_149.png,A person in a music and arts festival,25pct_overlap,29.009,0.9524,0.1936,0.1907,0
image_149.png,A person in a costume party,25pct_overlap,29.009,0.9524,0.2663,0.2113,1
image_149.png,A person in a music and arts festival,50pct_overlap,30.033,0.9496,0.1936,0.1938,0
image_149.png,A person in a costume party,50pct_overlap,30.033,0.9496,0.2663,0.2008,1
image_149.png,A person in a music and arts festival,baseline_512,34.488,0.9766,0.1936,0.213,0
image_149.png,A person in a costume party,baseline_512,34.488,0.9766,0.2663,0.2219,0
image_151.png,A person in a charity art auction,no_overlap,25.78,0.8845,0.3247,0.2088,1
image_151.png,A person in a customs checkpoint,no_overlap,25.78,0.8845,0.3131,0.252,1
image_151.png,A person in a charity art auction,25pct_overlap,25.96,0.8814,0.3247,0.2134,1
image_151.png,A person in a customs checkpoint,25pct_overlap,25.96,0.8814,0.3131,0.2257,1
image_151.png,A person in a charity art auction,50pct_overlap,25.947,0.868,0.3247,0.2136,1
image_151.png,A person in a customs checkpoint,50pct_overlap,25.947,0.868,0.3131,0.2194,1
image_151.png,A person in a charity art auction,baseline_512,25.442,0.8622,0.3247,0.2257,1
image_151.png,A person in a customs checkpoint,baseline_512,25.442,0.8622,0.3131,0.253,1
image_152.png,A person in a city food tour,no_overlap,34.681,0.9825,0.2659,0.2334,0
image_152.png,A person in a flea market,no_overlap,34.681,0.9825,0.2295,0.2145,0
image_152.png,A person in a city food tour,25pct_overlap,29.132,0.9749,0.2659,0.2398,0
image_152.png,A person in a flea market,25pct_overlap,29.132,0.9749,0.2295,0.2595,0
image_152.png,A person in a city food tour,50pct_overlap,28.99,0.9768,0.2659,0.2376,0
image_152.png,A person in a flea market,50pct_overlap,28.99,0.9768,0.2295,0.2192,0
image_152.png,A person in a city food tour,baseline_512,36.167,0.988,0.2659,0.2895,0
image_152.png,A person in a flea market,baseline_512,36.167,0.988,0.2295,0.2071,0
image_160.png,A person in a flower garden,no_overlap,33.798,0.9866,0.2216,0.2083,0
image_160.png,A person in a sports field,no_overlap,33.798,0.9866,0.1944,0.2418,0
image_160.png,A person in a flower garden,25pct_overlap,30.066,0.9752,0.2216,0.2323,0
image_160.png,A person in a sports field,25pct_overlap,30.066,0.9752,0.1944,0.2128,0
image_160.png,A person in a flower garden,50pct_overlap,30.631,0.9782,0.2216,0.2448,0
image_160.png,A person in a sports field,50pct_overlap,30.631,0.9782,0.1944,0.2146,0
image_160.png,A person in a flower garden,baseline_512,35.15,0.9895,0.2216,0.2498,0
image_160.png,A person in a sports field,baseline_512,35.15,0.9895,0.1944,0.2115,0
image_163.png,A person in a slum,no_overlap,31.535,0.9718,0.2278,0.2235,0
image_163.png,A person in a nightclub,no_overlap,31.535,0.9718,0.2333,0.2058,0
image_163.png,A person in a slum,25pct_overlap,28.842,0.9701,0.2278,0.224,0
image_163.png,A person in a nightclub,25pct_overlap,28.842,0.9701,0.2333,0.2021,0
image_163.png,A person in a slum,50pct_overlap,29.738,0.9735,0.2278,0.2076,0
image_163.png,A person in a nightclub,50pct_overlap,29.738,0.9735,0.2333,0.2147,0
image_163.png,A person in a slum,baseline_512,33.116,0.9824,0.2278,0.2157,0
image_163.png,A person in a nightclub,baseline_512,33.116,0.9824,0.2333,0.244,0
image_165.png,A person in a digital art gallery,no_overlap,28.912,0.9592,0.2475,0.2007,0
image_165.png,A person in a cocktail bar,no_overlap,28.912,0.9592,0.1815,0.173,0
image_165.png,A person in a digital art gallery,25pct_overlap,27.437,0.9487,0.2475,0.2472,0
image_165.png,A person in a cocktail bar,25pct_overlap,27.437,0.9487,0.1815,0.1778,0
image_165.png,A person in a digital art gallery,50pct_overlap,28.058,0.9526,0.2475,0.2103,0
image_165.png,A person in a cocktail bar,50pct_overlap,28.058,0.9526,0.1815,0.1883,0
image_165.png,A person in a digital art gallery,baseline_512,36.207,0.9885,0.2475,0.236,0
image_165.png,A person in a cocktail bar,baseline_512,36.207,0.9885,0.1815,0.2502,0
image_169.png,A person in a technology fair,no_overlap,27.395,0.9347,0.2426,0.1898,1
image_169.png,A person in a food truck park,no_overlap,27.395,0.9347,0.1825,0.1382,0
image_169.png,A person in a technology fair,25pct_overlap,27.137,0.9196,0.2426,0.1146,1
image_169.png,A person in a food truck park,25pct_overlap,27.137,0.9196,0.1825,0.096,1
image_169.png,A person in a technology fair,50pct_overlap,27.104,0.9159,0.2426,0.1105,1
image_169.png,A person in a food truck park,50pct_overlap,27.104,0.9159,0.1825,0.1414,0
image_169.png,A person in a technology fair,baseline_512,24.899,0.8917,0.2426,0.1221,1
image_169.png,A person in a food truck park,baseline_512,24.899,0.8917,0.1825,0.1113,1
image_170.png,A person in a casino lounge,no_overlap,28.869,0.956,0.2643,0.2396,0
image_170.png,A person in a dance festival,no_overlap,28.869,0.956,0.2698,0.2268,0
image_170.png,A person in a casino lounge,25pct_overlap,27.918,0.9567,0.2643,0.2306,0
image_170.png,A person in a dance festival,25pct_overlap,27.918,0.9567,0.2698,0.2384,0
image_170.png,A person in a casino lounge,50pct_overlap,29.145,0.9611,0.2643,0.2538,0
image_170.png,A person in a dance festival,50pct_overlap,29.145,0.9611,0.2698,0.2336,0
image_170.png,A person in a casino lounge,baseline_512,30.907,0.9719,0.2643,0.2595,0
image_170.png,A person in a dance festival,baseline_512,30.907,0.9719,0.2698,0.2323,0
image_180.png,A person in a rooftop lounge,no_overlap,26.766,0.9325,0.2073,0.1432,1
image_180.png,A person in a gym sauna,no_overlap,26.766,0.9325,0.2394,0.162,1
image_180.png,A person in a rooftop lounge,25pct_overlap,26.422,0.9129,0.2073,0.1579,0
image_180.png,A person in a gym sauna,25pct_overlap,26.422,0.9129,0.2394,0.1547,1
image_180.png,A person in a rooftop lounge,50pct_overlap,26.333,0.9173,0.2073,0.1434,1
image_180.png,A person in a gym sauna,50pct_overlap,26.333,0.9173,0.2394,0.1316,1
image_180.png,A person in a rooftop lounge,baseline_512,27.576,0.9524,0.2073,0.18,0
image_180.png,A person in a gym sauna,baseline_512,27.576,0.9524,0.2394,0.1395,1
image_181.png,A person in a butcher shop,no_overlap,37.326,0.9869,0.1458,0.1094,0
image_181.png,A person in a highway rest stop,no_overlap,37.326,0.9869,0.0948,0.1689,0
image_181.png,A person in a butcher shop,25pct_overlap,39.102,0.991,0.1458,0.1134,0
image_181.png,A person in a highway rest stop,25pct_overlap,39.102,0.991,0.0948,0.1291,0
image_181.png,A person in a butcher shop,50pct_overlap,34.76,0.982,0.1458,0.0912,1
image_181.png,A person in a highway rest stop,50pct_overlap,34.76,0.982,0.0948,0.0667,0
image_181.png,A person in a butcher shop,baseline_512,39.274,0.9928,0.1458,0.1256,0
image_181.png,A person in a highway rest stop,baseline_512,39.274,0.9928,0.0948,0.2176,0
image_185.png,A person in a golf course clubhouse,no_overlap,27.107,0.9279,0.2565,0.1745,1
image_185.png,A person in a rehab facility,no_overlap,27.107,0.9279,0.2671,0.1932,1
image_185.png,A person in a golf course clubhouse,25pct_overlap,27.81,0.9373,0.2565,0.142,1
image_185.png,A person in a rehab facility,25pct_overlap,27.81,0.9373,0.2671,0.1722,1
image_185.png,A person in a golf course clubhouse,50pct_overlap,27.363,0.9323,0.2565,0.1492,1
image_185.png,A person in a rehab facility,50pct_overlap,27.363,0.9323,0.2671,0.1581,1
image_185.png,A person in a golf course clubhouse,baseline_512,27.632,0.935,0.2565,0.2048,1
image_185.png,A person in a rehab facility,baseline_512,27.632,0.935,0.2671,0.1828,1
image_186.png,A person in a community arts and crafts market,no_overlap,31.134,0.9696,0.1789,0.2095,0
image_186.png,A person in a church sanctuary,no_overlap,31.134,0.9696,0.2036,0.2012,0
image_186.png,A person in a community arts and crafts market,25pct_overlap,30.921,0.9616,0.1789,0.224,0
image_186.png,A person in a church sanctuary,25pct_overlap,30.921,0.9616,0.2036,0.1908,0
image_186.png,A person in a community arts and crafts market,50pct_overlap,27.731,0.9367,0.1789,0.2097,0
image_186.png,A person in a church sanctuary,50pct_overlap,27.731,0.9367,0.2036,0.1798,0
image_186.png,A person in a community arts and crafts market,baseline_512,35.078,0.981,0.1789,0.2015,0
image_186.png,A person in a church sanctuary,baseline_512,35.078,0.981,0.2036,0.2112,0
image_189.png,A person in a vintage arts fair,no_overlap,32.22,0.976,0.1598,0.1824,0
image_189.png,A person in a bowling alley,no_overlap,32.22,0.976,0.1576,0.15,0
image_189.png,A person in a vintage arts fair,25pct_overlap,30.117,0.965,0.1598,0.1617,0
image_189.png,A person in a bowling alley,25pct_overlap,30.117,0.965,0.1576,0.1385,0
image_189.png,A person in a vintage arts fair,50pct_overlap,30.433,0.9657,0.1598,0.1494,0
image_189.png,A person in a bowling alley,50pct_overlap,30.433,0.9657,0.1576,0.1644,0
image_189.png,A person in a vintage arts fair,baseline_512,35.81,0.9867,0.1598,0.1307,0
image_189.png,A person in a bowling alley,baseline_512,35.81,0.9867,0.1576,0.1664,0
image_201.png,A person in a high-end restaurant,no_overlap,31.339,0.9634,0.1966,0.1773,0
image_201.png,A person in a bowling alley,no_overlap,31.339,0.9634,0.2025,0.1261,1
image_201.png,A person in a high-end restaurant,25pct_overlap,29.933,0.9529,0.1966,0.0989,1
image_201.png,A person in a bowling alley,25pct_overlap,29.933,0.9529,0.2025,0.1667,0
image_201.png,A person in a high-end restaurant,50pct_overlap,29.901,0.95,0.1966,0.1158,1
image_201.png,A person in a bowling alley,50pct_overlap,29.901,0.95,0.2025,0.1508,1
image_201.png,A person in a high-end restaurant,baseline_512,34.065,0.9724,0.1966,0.1548,0
image_201.png,A person in a bowling alley,baseline_512,34.065,0.9724,0.2025,0.1206,1
image_203.png,A person in a gymnasium,no_overlap,34.02,0.9835,0.3182,0.332,0
image_203.png,A person in a brothel,no_overlap,34.02,0.9835,0.149,0.2234,0
image_203.png,A person in a gymnasium,25pct_overlap,29.132,0.9676,0.3182,0.1463,1
image_203.png,A person in a brothel,25pct_overlap,29.132,0.9676,0.149,0.201,0
image_203.png,A person in a gymnasium,50pct_overlap,29.677,0.9606,0.3182,0.2216,1
image_203.png,A person in a brothel,50pct_overlap,29.677,0.9606,0.149,0.1481,0
image_203.png,A person in a gymnasium,baseline_512,37.749,0.9932,0.3182,0.1963,1
image_203.png,A person in a brothel,baseline_512,37.749,0.9932,0.149,0.2747,0
image_209.png,A person in a summer camp,no_overlap,29.022,0.9611,0.1939,0.1464,0
image_209.png,A person in a TV studio,no_overlap,29.022,0.9611,0.1996,0.1493,1
image_209.png,A person in a summer camp,25pct_overlap,28.319,0.9501,0.1939,0.1689,0
image_209.png,A person in a TV studio,25pct_overlap,28.319,0.9501,0.1996,0.1535,0
image_209.png,A person in a summer camp,50pct_overlap,27.687,0.9407,0.1939,0.1354,1
image_209.png,A person in a TV studio,50pct_overlap,27.687,0.9407,0.1996,0.1384,1
image_209.png,A person in a summer camp,baseline_512,34.921,0.9858,0.1939,0.1858,0
image_209.png,A person in a TV studio,baseline_512,34.921,0.9858,0.1996,0.1937,0
image_212.png,A person in a street vendor stand,no_overlap,31.373,0.9628,0.175,0.1406,0
image_212.png,A person in a dog park picnic,no_overlap,31.373,0.9628,0.1279,0.1016,0
image_212.png,A person in a street vendor stand,25pct_overlap,29.136,0.9416,0.175,0.1168,1
image_212.png,A person in a dog park picnic,25pct_overlap,29.136,0.9416,0.1279,0.1434,0
image_212.png,A person in a street vendor stand,50pct_overlap,28.937,0.9268,0.175,0.1095,1
image_212.png,A person in a dog park picnic,50pct_overlap,28.937,0.9268,0.1279,0.1598,0
image_212.png,A person in a street vendor stand,baseline_512,36.531,0.9853,0.175,0.0982,1
image_212.png,A person in a dog park picnic,baseline_512,36.531,0.9853,0.1279,0.1453,0
image_213.png,A person in a science museum exhibit,no_overlap,26.106,0.9037,0.1604,0.1029,1
image_213.png,A person in a woodworking shop,no_overlap,26.106,0.9037,0.1677,0.1217,0
image_213.png,A person in a science museum exhibit,25pct_overlap,27.704,0.9188,0.1604,0.1285,0
image_213.png,A person in a woodworking shop,25pct_overlap,27.704,0.9188,0.1677,0.1278,0
image_213.png,A person in a science museum exhibit,50pct_overlap,26.989,0.9047,0.1604,0.1073,1
image_213.png,A person in a woodworking shop,50pct_overlap,26.989,0.9047,0.1677,0.1116,1
image_213.png,A person in a science museum exhibit,baseline_512,29.628,0.945,0.1604,0.1638,0
image_213.png,A person in a woodworking shop,baseline_512,29.628,0.945,0.1677,0.155,0
